MonthYr,Population,MonthYr,Employed,Unemployed,LabourForce,Party,PrimeMinister
Jan-76,16852.4,Jan-76,9636.7,733,10369.7,Liberal,Pierre Trudeau
Feb-76,16892,Feb-76,9659.8,730,10389.8,Liberal,Pierre Trudeau
Mar-76,16930.7,Mar-76,9704.2,691.5,10395.7,Liberal,Pierre Trudeau
Apr-76,16969.4,Apr-76,9738.2,713.1,10451.3,Liberal,Pierre Trudeau
May-76,17008.1,May-76,9726.1,720,10446.1,Liberal,Pierre Trudeau
Jun-76,17046.8,Jun-76,9748.3,721.3,10469.6,Liberal,Pierre Trudeau
Jul-76,17085.5,Jul-76,9759.5,779.9,10539.4,Liberal,Pierre Trudeau
Aug-76,17124.4,Aug-76,9780.5,743.6,10524.1,Liberal,Pierre Trudeau
Sep-76,17154.4,Sep-76,9795.2,736.7,10531.9,Liberal,Pierre Trudeau
Oct-76,17183.4,Oct-76,9782.5,782.6,10565.1,Liberal,Pierre Trudeau
Nov-76,17211.4,Nov-76,9829,780.5,10609.5,Liberal,Pierre Trudeau
Dec-76,17238.1,Dec-76,9862.6,794.8,10657.4,Liberal,Pierre Trudeau
Jan-77,17270.6,Jan-77,9869.3,811.8,10681.1,Liberal,Pierre Trudeau
Feb-77,17302.4,Feb-77,9874.2,842,10716.2,Liberal,Pierre Trudeau
Mar-77,17329.1,Mar-77,9865.7,836,10701.7,Liberal,Pierre Trudeau
Apr-77,17358.7,Apr-77,9892.6,849,10741.6,Liberal,Pierre Trudeau
May-77,17394.1,May-77,9912,837.8,10749.8,Liberal,Pierre Trudeau
Jun-77,17421.5,Jun-77,9906.9,842,10748.9,Liberal,Pierre Trudeau
Jul-77,17449.4,Jul-77,9911.4,872.9,10784.3,Liberal,Pierre Trudeau
Aug-77,17485.1,Aug-77,9936.6,882.8,10819.4,Liberal,Pierre Trudeau
Sep-77,17513.7,Sep-77,9937,902,10839,Liberal,Pierre Trudeau
Oct-77,17540.6,Oct-77,9962.1,913.4,10875.5,Liberal,Pierre Trudeau
Nov-77,17567.5,Nov-77,9976.3,925.4,10901.7,Liberal,Pierre Trudeau
Dec-77,17592.8,Dec-77,10002.3,926.6,10928.9,Liberal,Pierre Trudeau
Jan-78,17623.5,Jan-78,10013,905.1,10918.1,Liberal,Pierre Trudeau
Feb-78,17653.9,Feb-78,10067.5,913.8,10981.3,Liberal,Pierre Trudeau
Mar-78,17679.3,Mar-78,10100.3,941.2,11041.5,Liberal,Pierre Trudeau
Apr-78,17706.9,Apr-78,10128.7,931.6,11060.3,Liberal,Pierre Trudeau
May-78,17741.6,May-78,10146.7,953.9,11100.6,Liberal,Pierre Trudeau
Jun-78,17767.5,Jun-78,10207.6,938.5,11146.1,Liberal,Pierre Trudeau
Jul-78,17792,Jul-78,10255,933.4,11188.4,Liberal,Pierre Trudeau
Aug-78,17824.4,Aug-78,10287.5,948,11235.5,Liberal,Pierre Trudeau
Sep-78,17850.7,Sep-78,10305.5,947.2,11252.7,Liberal,Pierre Trudeau
Oct-78,17876.8,Oct-78,10368.8,924.8,11293.6,Liberal,Pierre Trudeau
Nov-78,17902.4,Nov-78,10387.2,945.7,11332.9,Liberal,Pierre Trudeau
Dec-78,17927.3,Dec-78,10428.3,937.8,11366.1,Liberal,Pierre Trudeau
Jan-79,17958.4,Jan-79,10483.1,938.2,11421.3,Liberal,Pierre Trudeau
Feb-79,17989.1,Feb-79,10490,917.3,11407.3,Liberal,Pierre Trudeau
Mar-79,18014.3,Mar-79,10535.9,904.9,11440.8,Liberal,Pierre Trudeau
Apr-79,18047.3,Apr-79,10560.8,914.1,11474.9,Liberal,Pierre Trudeau
May-79,18073.7,May-79,10611.4,871.8,11483.2,Liberal,Pierre Trudeau
Jun-79,18101,Jun-79,10645.4,850.7,11496.1,Transfer,Transfer
Jul-79,18133.4,Jul-79,10702.1,834.9,11537,Conservative,Joe Clark
Aug-79,18161.4,Aug-79,10742.1,821.7,11563.8,Conservative,Joe Clark
Sep-79,18189.4,Sep-79,10756.5,812.5,11569,Conservative,Joe Clark
Oct-79,18226,Oct-79,10809,843.2,11652.2,Conservative,Joe Clark
Nov-79,18255.2,Nov-79,10841.3,836.8,11678.1,Conservative,Joe Clark
Dec-79,18283.8,Dec-79,10859.9,848.1,11708,Conservative,Joe Clark
Jan-80,18317.9,Jan-80,10882.6,877.5,11760.1,Conservative,Joe Clark
Feb-80,18346.4,Feb-80,10902.9,894,11796.9,Conservative,Joe Clark
Mar-80,18373.9,Mar-80,10897.8,901,11798.8,Transfer,Transfer
Apr-80,18407.7,Apr-80,10938.3,908.3,11846.6,Liberal,Pierre Trudeau
May-80,18437,May-80,10891.6,923.9,11815.5,Liberal,Pierre Trudeau
Jun-80,18474.1,Jun-80,10936.8,918.3,11855.1,Liberal,Pierre Trudeau
Jul-80,18501.1,Jul-80,10935,905.6,11840.6,Liberal,Pierre Trudeau
Aug-80,18529,Aug-80,10970.3,907.9,11878.2,Liberal,Pierre Trudeau
Sep-80,18564,Sep-80,11051.9,876.2,11928.1,Liberal,Pierre Trudeau
Oct-80,18591.5,Oct-80,11083.1,873.1,11956.2,Liberal,Pierre Trudeau
Nov-80,18617.4,Nov-80,11127,857.7,11984.7,Liberal,Pierre Trudeau
Dec-80,18642.6,Dec-80,11140,874.1,12014.1,Liberal,Pierre Trudeau
Jan-81,18671.8,Jan-81,11206.5,892.3,12098.8,Liberal,Pierre Trudeau
Feb-81,18700.6,Feb-81,11283.3,899.8,12183.1,Liberal,Pierre Trudeau
Mar-81,18725,Mar-81,11278.7,902.4,12181.1,Liberal,Pierre Trudeau
Apr-81,18749.9,Apr-81,11315.8,868.3,12184.1,Liberal,Pierre Trudeau
May-81,18775.2,May-81,11345.8,877.2,12223,Liberal,Pierre Trudeau
Jun-81,18806.1,Jun-81,11375.6,887.9,12263.5,Liberal,Pierre Trudeau
Jul-81,18829,Jul-81,11336.4,879.4,12215.8,Liberal,Pierre Trudeau
Aug-81,18852.5,Aug-81,11353.8,861.2,12215,Liberal,Pierre Trudeau
Sep-81,18880.8,Sep-81,11328.7,1003.9,12332.6,Liberal,Pierre Trudeau
Oct-81,18904.4,Oct-81,11300.1,1020.4,12320.5,Liberal,Pierre Trudeau
Nov-81,18927.1,Nov-81,11291.5,1019.5,12311,Liberal,Pierre Trudeau
Dec-81,18949.7,Dec-81,11236,1071.7,12307.7,Liberal,Pierre Trudeau
Jan-82,18976.3,Jan-82,11205.6,1059.7,12265.3,Liberal,Pierre Trudeau
Feb-82,19001.7,Feb-82,11166.9,1092.8,12259.7,Liberal,Pierre Trudeau
Mar-82,19023.7,Mar-82,11140.5,1139.7,12280.2,Liberal,Pierre Trudeau
Apr-82,19045.6,Apr-82,11076.3,1204.8,12281.1,Liberal,Pierre Trudeau
May-82,19068.3,May-82,11021.9,1271.4,12293.3,Liberal,Pierre Trudeau
Jun-82,19096.2,Jun-82,10940.6,1364.3,12304.9,Liberal,Pierre Trudeau
Jul-82,19115.7,Jul-82,10893.6,1465.2,12358.8,Liberal,Pierre Trudeau
Aug-82,19142,Aug-82,10836.3,1478.1,12314.4,Liberal,Pierre Trudeau
Sep-82,19162.5,Sep-82,10806.7,1527,12333.7,Liberal,Pierre Trudeau
Oct-82,19183.2,Oct-82,10787.2,1602.1,12389.3,Liberal,Pierre Trudeau
Nov-82,19203.3,Nov-82,10764.1,1600.4,12364.5,Liberal,Pierre Trudeau
Dec-82,19222.6,Dec-82,10774.1,1624.4,12398.5,Liberal,Pierre Trudeau
Jan-83,19244.2,Jan-83,10801.1,1572.9,12374,Liberal,Pierre Trudeau
Feb-83,19266.5,Feb-83,10818.2,1573.6,12391.8,Liberal,Pierre Trudeau
Mar-83,19285.1,Mar-83,10874.9,1554.7,12429.6,Liberal,Pierre Trudeau
Apr-83,19304.2,Apr-83,10932.6,1553.7,12486.3,Liberal,Pierre Trudeau
May-83,19328.1,May-83,10952.5,1556.5,12509,Liberal,Pierre Trudeau
Jun-83,19346.5,Jun-83,11021.4,1557.3,12578.7,Liberal,Pierre Trudeau
Jul-83,19363.3,Jul-83,11073.4,1492.9,12566.3,Liberal,Pierre Trudeau
Aug-83,19386.4,Aug-83,11126.6,1472.8,12599.4,Liberal,Pierre Trudeau
Sep-83,19405.3,Sep-83,11174.2,1432,12606.2,Liberal,Pierre Trudeau
Oct-83,19424.2,Oct-83,11163.3,1419.2,12582.5,Liberal,Pierre Trudeau
Nov-83,19443.7,Nov-83,11162,1415.9,12577.9,Liberal,Pierre Trudeau
Dec-83,19462.2,Dec-83,11187.4,1429.1,12616.5,Liberal,Pierre Trudeau
Jan-84,19483.7,Jan-84,11168.6,1423.3,12591.9,Liberal,Pierre Trudeau
Feb-84,19506.2,Feb-84,11203.9,1425.4,12629.3,Liberal,Pierre Trudeau
Mar-84,19524.2,Mar-84,11205.9,1424.7,12630.6,Liberal,Pierre Trudeau
Apr-84,19546.8,Apr-84,11198.5,1456,12654.5,Liberal,Pierre Trudeau
May-84,19566.7,May-84,11245.5,1494,12739.5,Liberal,Pierre Trudeau
Jun-84,19586.5,Jun-84,11314.5,1442.9,12757.4,Liberal,Transfer
Jul-84,19609.7,Jul-84,11356.6,1427.1,12783.7,Liberal,John Turner
Aug-84,19628.8,Aug-84,11349.3,1441.1,12790.4,Liberal,John Turner
Sep-84,19648.2,Sep-84,11373.8,1527.9,12901.7,Transfer,Transfer
Oct-84,19672.4,Oct-84,11387.7,1455.6,12843.3,Conservative,Brian Mulroney
Nov-84,19691.5,Nov-84,11391.1,1462.3,12853.4,Conservative,Brian Mulroney
Dec-84,19709.6,Dec-84,11430.3,1425.9,12856.2,Conservative,Brian Mulroney
Jan-85,19730.9,Jan-85,11481.7,1364.7,12846.4,Conservative,Brian Mulroney
Feb-85,19748.6,Feb-85,11506.3,1386,12892.3,Conservative,Brian Mulroney
Mar-85,19766.5,Mar-85,11531.4,1421.4,12952.8,Conservative,Brian Mulroney
Apr-85,19789.4,Apr-85,11571.5,1404.4,12975.9,Conservative,Brian Mulroney
May-85,19809,May-85,11613.7,1371.8,12985.5,Conservative,Brian Mulroney
Jun-85,19828.7,Jun-85,11627,1391.3,13018.3,Conservative,Brian Mulroney
Jul-85,19852.4,Jul-85,11681.1,1358.4,13039.5,Conservative,Brian Mulroney
Aug-85,19872.8,Aug-85,11712.1,1348.1,13060.2,Conservative,Brian Mulroney
Sep-85,19898.7,Sep-85,11723.3,1331.7,13055,Conservative,Brian Mulroney
Oct-85,19919.1,Oct-85,11754,1355.4,13109.4,Conservative,Brian Mulroney
Nov-85,19939.6,Nov-85,11819,1350.2,13169.2,Conservative,Brian Mulroney
Dec-85,19958.2,Dec-85,11860.5,1326.1,13186.6,Conservative,Brian Mulroney
Jan-86,19981.2,Jan-86,11903.5,1300.2,13203.7,Conservative,Brian Mulroney
Feb-86,19999,Feb-86,11917.9,1303.8,13221.7,Conservative,Brian Mulroney
Mar-86,20017.2,Mar-86,11926.3,1298.6,13224.9,Conservative,Brian Mulroney
Apr-86,20041.3,Apr-86,12008.1,1284.2,13292.3,Conservative,Brian Mulroney
May-86,20062.1,May-86,11977.2,1259.5,13236.7,Conservative,Brian Mulroney
Jun-86,20087.6,Jun-86,12016.9,1272.9,13289.8,Conservative,Brian Mulroney
Jul-86,20105.9,Jul-86,12017.1,1271.3,13288.4,Conservative,Brian Mulroney
Aug-86,20124.5,Aug-86,12024.7,1277.5,13302.2,Conservative,Brian Mulroney
Sep-86,20147.1,Sep-86,12035.2,1265.3,13300.5,Conservative,Brian Mulroney
Oct-86,20165.8,Oct-86,12059.6,1253.5,13313.1,Conservative,Brian Mulroney
Nov-86,20183.9,Nov-86,12082,1250.8,13332.8,Conservative,Brian Mulroney
Dec-86,20202.6,Dec-86,12079.7,1266.9,13346.6,Conservative,Brian Mulroney
Jan-87,20225.3,Jan-87,12102,1274.3,13376.3,Conservative,Brian Mulroney
Feb-87,20248.6,Feb-87,12131.4,1275.3,13406.7,Conservative,Brian Mulroney
Mar-87,20268.9,Mar-87,12182,1259.3,13441.3,Conservative,Brian Mulroney
Apr-87,20289.9,Apr-87,12229.5,1237.1,13466.6,Conservative,Brian Mulroney
May-87,20311.5,May-87,12285.7,1201.1,13486.8,Conservative,Brian Mulroney
Jun-87,20339.2,Jun-87,12319.4,1203.8,13523.2,Conservative,Brian Mulroney
Jul-87,20360.6,Jul-87,12345.5,1179.2,13524.7,Conservative,Brian Mulroney
Aug-87,20381.6,Aug-87,12376.2,1167,13543.2,Conservative,Brian Mulroney
Sep-87,20408.3,Sep-87,12421.9,1146.1,13568,Conservative,Brian Mulroney
Oct-87,20428.5,Oct-87,12487.4,1129.7,13617.1,Conservative,Brian Mulroney
Nov-87,20448.3,Nov-87,12519.4,1113.2,13632.6,Conservative,Brian Mulroney
Dec-87,20467.1,Dec-87,12583.3,1097.1,13680.4,Conservative,Brian Mulroney
Jan-88,20489.4,Jan-88,12601.9,1106.5,13708.4,Conservative,Brian Mulroney
Feb-88,20510.8,Feb-88,12642.6,1068.4,13711,Conservative,Brian Mulroney
Mar-88,20530,Mar-88,12662.6,1067.8,13730.4,Conservative,Brian Mulroney
Apr-88,20550.6,Apr-88,12676,1056.2,13732.2,Conservative,Brian Mulroney
May-88,20577.9,May-88,12679.7,1067.4,13747.1,Conservative,Brian Mulroney
Jun-88,20600,Jun-88,12698.1,1043.9,13742,Conservative,Brian Mulroney
Jul-88,20622,Jul-88,12711.8,1069.6,13781.4,Conservative,Brian Mulroney
Aug-88,20650.4,Aug-88,12720,1077.6,13797.6,Conservative,Brian Mulroney
Sep-88,20672.5,Sep-88,12732.8,1084,13816.8,Conservative,Brian Mulroney
Oct-88,20693.6,Oct-88,12765,1077.9,13842.9,Conservative,Brian Mulroney
Nov-88,20714.3,Nov-88,12795.8,1076.8,13872.6,Conservative,Brian Mulroney
Dec-88,20734.5,Dec-88,12849.4,1035.1,13884.5,Conservative,Brian Mulroney
Jan-89,20763.1,Jan-89,12922,1049.6,13971.6,Conservative,Brian Mulroney
Feb-89,20783.3,Feb-89,12936.8,1060.8,13997.6,Conservative,Brian Mulroney
Mar-89,20805.4,Mar-89,12982.4,1059.1,14041.5,Conservative,Brian Mulroney
Apr-89,20828.2,Apr-89,12959.9,1089.8,14049.7,Conservative,Brian Mulroney
May-89,20858.6,May-89,12962.2,1077.4,14039.6,Conservative,Brian Mulroney
Jun-89,20883,Jun-89,12979.4,1051.3,14030.7,Conservative,Brian Mulroney
Jul-89,20907.8,Jul-89,12979.8,1046.1,14025.9,Conservative,Brian Mulroney
Aug-89,20938.9,Aug-89,13029.1,1029.7,14058.8,Conservative,Brian Mulroney
Sep-89,20963.6,Sep-89,13029.5,1032.6,14062.1,Conservative,Brian Mulroney
Oct-89,20993.6,Oct-89,13034.5,1014,14048.5,Conservative,Brian Mulroney
Nov-89,21017,Nov-89,13059.7,1055.2,14114.9,Conservative,Brian Mulroney
Dec-89,21039.1,Dec-89,13066.8,1083.2,14150,Conservative,Brian Mulroney
Jan-90,21064.5,Jan-90,13101.4,1119.1,14220.5,Conservative,Brian Mulroney
Feb-90,21085.8,Feb-90,13134.9,1093.6,14228.5,Conservative,Brian Mulroney
Mar-90,21109.5,Mar-90,13126.1,1033.8,14159.9,Conservative,Brian Mulroney
Apr-90,21142.7,Apr-90,13141.3,1076.8,14218.1,Conservative,Brian Mulroney
May-90,21170,May-90,13101.9,1105.2,14207.1,Conservative,Brian Mulroney
Jun-90,21197.5,Jun-90,13134.4,1080.8,14215.2,Conservative,Brian Mulroney
Jul-90,21233.1,Jul-90,13113.6,1128.5,14242.1,Conservative,Brian Mulroney
Aug-90,21261,Aug-90,13100.3,1161.8,14262.1,Conservative,Brian Mulroney
Sep-90,21286.8,Sep-90,13089.5,1218.1,14307.6,Conservative,Brian Mulroney
Oct-90,21317.2,Oct-90,13039.3,1260.1,14299.4,Conservative,Brian Mulroney
Nov-90,21342.5,Nov-90,12985.3,1306.3,14291.6,Conservative,Brian Mulroney
Dec-90,21366.2,Dec-90,12934.7,1355,14289.7,Conservative,Brian Mulroney
Jan-91,21394.7,Jan-91,12894.2,1397.6,14291.8,Conservative,Brian Mulroney
Feb-91,21418.6,Feb-91,12845.1,1451.8,14296.9,Conservative,Brian Mulroney
Mar-91,21443.8,Mar-91,12809.2,1499.5,14308.7,Conservative,Brian Mulroney
Apr-91,21475.8,Apr-91,12850.7,1475.4,14326.1,Conservative,Brian Mulroney
May-91,21502,May-91,12879.9,1467.2,14347.1,Conservative,Brian Mulroney
Jun-91,21528.2,Jun-91,12886.3,1510.4,14396.7,Conservative,Brian Mulroney
Jul-91,21553.8,Jul-91,12872.3,1510.7,14383,Conservative,Brian Mulroney
Aug-91,21571.3,Aug-91,12876.2,1511.7,14387.9,Conservative,Brian Mulroney
Sep-91,21595.6,Sep-91,12855.4,1477.9,14333.3,Conservative,Brian Mulroney
Oct-91,21614.4,Oct-91,12861,1479.6,14340.6,Conservative,Brian Mulroney
Nov-91,21638,Nov-91,12823.2,1480.9,14304.1,Conservative,Brian Mulroney
Dec-91,21663.5,Dec-91,12810.2,1475.9,14286.1,Conservative,Brian Mulroney
Jan-92,21689.1,Jan-92,12790.2,1489.8,14280,Conservative,Brian Mulroney
Feb-92,21706.9,Feb-92,12771.3,1496.7,14268,Conservative,Brian Mulroney
Mar-92,21735.9,Mar-92,12744.9,1554.3,14299.2,Conservative,Brian Mulroney
Apr-92,21759,Apr-92,12730.9,1530,14260.9,Conservative,Brian Mulroney
May-92,21782.8,May-92,12736.6,1564.8,14301.4,Conservative,Brian Mulroney
Jun-92,21811.7,Jun-92,12717.3,1633.2,14350.5,Conservative,Brian Mulroney
Jul-92,21835,Jul-92,12732.5,1621.6,14354.1,Conservative,Brian Mulroney
Aug-92,21857.6,Aug-92,12693.7,1677.8,14371.5,Conservative,Brian Mulroney
Sep-92,21885.1,Sep-92,12700.1,1668.1,14368.2,Conservative,Brian Mulroney
Oct-92,21906.4,Oct-92,12713,1634.2,14347.2,Conservative,Brian Mulroney
Nov-92,21926.2,Nov-92,12704.8,1748.9,14453.7,Conservative,Brian Mulroney
Dec-92,21946.2,Dec-92,12721.9,1682.7,14404.6,Conservative,Brian Mulroney
Jan-93,21969.3,Jan-93,12755,1604.1,14359.1,Conservative,Brian Mulroney
Feb-93,21991.1,Feb-93,12763.2,1570,14333.2,Conservative,Brian Mulroney
Mar-93,22012.4,Mar-93,12780.7,1609.6,14390.3,Conservative,Brian Mulroney
Apr-93,22032.8,Apr-93,12748.8,1668.2,14417,Conservative,Brian Mulroney
May-93,22053.5,May-93,12755.9,1675.7,14431.6,Conservative,Brian Mulroney
Jun-93,22082.6,Jun-93,12780,1689.7,14469.7,Conservative,Transfer
Jul-93,22104.9,Jul-93,12789.6,1681.2,14470.8,Conservative,Kim Campbell
Aug-93,22132.2,Aug-93,12808.1,1622.8,14430.9,Conservative,Kim Campbell
Sep-93,22154.2,Sep-93,12840.5,1664.5,14505,Conservative,Kim Campbell
Oct-93,22174.9,Oct-93,12825.3,1628.2,14453.5,Conservative,Kim Campbell
Nov-93,22193.6,Nov-93,12873.9,1631.4,14505.3,Transfer,Transfer
Dec-93,22212.9,Dec-93,12848.4,1647.7,14496.1,Liberal,Jean Chretien
Jan-94,22233.7,Jan-94,12856.4,1656.8,14513.2,Liberal,Jean Chretien
Feb-94,22256.4,Feb-94,12889.5,1602.6,14492.1,Liberal,Jean Chretien
Mar-94,22279.1,Mar-94,12928.6,1529.8,14458.4,Liberal,Jean Chretien
Apr-94,22302.6,Apr-94,12940.7,1587,14527.7,Liberal,Jean Chretien
May-94,22332.6,May-94,13012.4,1553.4,14565.8,Liberal,Jean Chretien
Jun-94,22356.2,Jun-94,13041.5,1501.9,14543.4,Liberal,Jean Chretien
Jul-94,22380.7,Jul-94,13098.5,1466.3,14564.8,Liberal,Jean Chretien
Aug-94,22411.1,Aug-94,13115.2,1486,14601.2,Liberal,Jean Chretien
Sep-94,22433.5,Sep-94,13176.9,1487.9,14664.8,Liberal,Jean Chretien
Oct-94,22455.2,Oct-94,13168.8,1457.4,14626.2,Liberal,Jean Chretien
Nov-94,22476.2,Nov-94,13259.2,1417.5,14676.7,Liberal,Jean Chretien
Dec-94,22495.7,Dec-94,13245.8,1407.4,14653.2,Liberal,Jean Chretien
Jan-95,22524.7,Jan-95,13269.5,1402.6,14672.1,Liberal,Jean Chretien
Feb-95,22545.8,Feb-95,13262.3,1400.4,14662.7,Liberal,Jean Chretien
Mar-95,22568.6,Mar-95,13290.5,1429.1,14719.6,Liberal,Jean Chretien
Apr-95,22592.9,Apr-95,13268.9,1387.7,14656.6,Liberal,Jean Chretien
May-95,22623.5,May-95,13265.8,1394.7,14660.5,Liberal,Jean Chretien
Jun-95,22647.9,Jun-95,13278.2,1394.7,14672.9,Liberal,Jean Chretien
Jul-95,22672.6,Jul-95,13280.6,1418.3,14698.9,Liberal,Jean Chretien
Aug-95,22702.9,Aug-95,13297.8,1403.8,14701.6,Liberal,Jean Chretien
Sep-95,22725.8,Sep-95,13331.2,1356.9,14688.1,Liberal,Jean Chretien
Oct-95,22749.7,Oct-95,13347,1369.6,14716.6,Liberal,Jean Chretien
Nov-95,22772.3,Nov-95,13315,1357,14672,Liberal,Jean Chretien
Dec-95,22793.6,Dec-95,13356.8,1379.7,14736.5,Liberal,Jean Chretien
Jan-96,22821,Jan-96,13374.5,1395.1,14769.6,Liberal,Jean Chretien
Feb-96,22844.7,Feb-96,13399.4,1410.8,14810.2,Liberal,Jean Chretien
Mar-96,22868.7,Mar-96,13377.2,1413.1,14790.3,Liberal,Jean Chretien
Apr-96,22892.2,Apr-96,13404.1,1376.7,14780.8,Liberal,Jean Chretien
May-96,22922.4,May-96,13425.6,1368,14793.6,Liberal,Jean Chretien
Jun-96,22945.9,Jun-96,13412.9,1453.3,14866.2,Liberal,Jean Chretien
Jul-96,22976.2,Jul-96,13440.4,1451.2,14891.6,Liberal,Jean Chretien
Aug-96,23000,Aug-96,13456.6,1402.9,14859.5,Liberal,Jean Chretien
Sep-96,23028.4,Sep-96,13414.4,1475.2,14889.6,Liberal,Jean Chretien
Oct-96,23050.4,Oct-96,13412.8,1479.3,14892.1,Liberal,Jean Chretien
Nov-96,23071.9,Nov-96,13441.5,1471.3,14912.8,Liberal,Jean Chretien
Dec-96,23092,Dec-96,13465.7,1453.1,14918.8,Liberal,Jean Chretien
Jan-97,23114.7,Jan-97,13535.9,1416,14951.9,Liberal,Jean Chretien
Feb-97,23134.5,Feb-97,13538.1,1423.7,14961.8,Liberal,Jean Chretien
Mar-97,23156.3,Mar-97,13569.8,1398.2,14968,Liberal,Jean Chretien
Apr-97,23185.1,Apr-97,13571.2,1415.3,14986.5,Liberal,Jean Chretien
May-97,23208.6,May-97,13637.2,1408,15045.2,Liberal,Jean Chretien
Jun-97,23237.4,Jun-97,13690,1376.2,15066.2,Liberal,Jean Chretien
Jul-97,23260.1,Jul-97,13731.5,1344.4,15075.9,Liberal,Jean Chretien
Aug-97,23283.5,Aug-97,13798.9,1344.8,15143.7,Liberal,Jean Chretien
Sep-97,23312.7,Sep-97,13815.9,1339.3,15155.2,Liberal,Jean Chretien
Oct-97,23335.3,Oct-97,13833.1,1347.4,15180.5,Liberal,Jean Chretien
Nov-97,23356.4,Nov-97,13859.5,1346.3,15205.8,Liberal,Jean Chretien
Dec-97,23375.4,Dec-97,13874.9,1283.1,15158,Liberal,Jean Chretien
Jan-98,23397.5,Jan-98,13864.8,1337.9,15202.7,Liberal,Jean Chretien
Feb-98,23419.2,Feb-98,13914.5,1302.6,15217.1,Liberal,Jean Chretien
Mar-98,23438.6,Mar-98,13949.4,1273.4,15222.8,Liberal,Jean Chretien
Apr-98,23459.9,Apr-98,13977.6,1260.9,15238.5,Liberal,Jean Chretien
May-98,23482.1,May-98,13993.3,1264.3,15257.6,Liberal,Jean Chretien
Jun-98,23509.5,Jun-98,14005.8,1278.2,15284,Liberal,Jean Chretien
Jul-98,23528.9,Jul-98,14063.8,1269.6,15333.4,Liberal,Jean Chretien
Aug-98,23547.6,Aug-98,14101.7,1239.7,15341.4,Liberal,Jean Chretien
Sep-98,23572.2,Sep-98,14140.7,1264.7,15405.4,Liberal,Jean Chretien
Oct-98,23592.3,Oct-98,14159.4,1233.1,15392.5,Liberal,Jean Chretien
Nov-98,23611.5,Nov-98,14198.9,1240.2,15439.1,Liberal,Jean Chretien
Dec-98,23629.5,Dec-98,14200,1259,15459,Liberal,Jean Chretien
Jan-99,23650.9,Jan-99,14273.3,1226,15499.3,Liberal,Jean Chretien
Feb-99,23672.2,Feb-99,14263.3,1223.3,15486.6,Liberal,Jean Chretien
Mar-99,23693.5,Mar-99,14278.7,1219,15497.7,Liberal,Jean Chretien
Apr-99,23716,Apr-99,14316.6,1275.9,15592.5,Liberal,Jean Chretien
May-99,23739.9,May-99,14352.7,1238.8,15591.5,Liberal,Jean Chretien
Jun-99,23769.7,Jun-99,14373,1180.3,15553.3,Liberal,Jean Chretien
Jul-99,23792.9,Jul-99,14430.9,1179.3,15610.2,Liberal,Jean Chretien
Aug-99,23820.6,Aug-99,14451.8,1158.9,15610.7,Liberal,Jean Chretien
Sep-99,23844.8,Sep-99,14474.6,1171.3,15645.9,Liberal,Jean Chretien
Oct-99,23869.2,Oct-99,14514.7,1125.6,15640.3,Liberal,Jean Chretien
Nov-99,23892.8,Nov-99,14549.4,1084.1,15633.5,Liberal,Jean Chretien
Dec-99,23915,Dec-99,14611.3,1059.8,15671.1,Liberal,Jean Chretien
Jan-00,23937.8,Jan-00,14652.7,1068.1,15720.8,Liberal,Jean Chretien
Feb-00,23963.5,Feb-00,14672.2,1081.1,15753.3,Liberal,Jean Chretien
Mar-00,23988.6,Mar-00,14697.5,1082.3,15779.8,Liberal,Jean Chretien
Apr-00,24014.6,Apr-00,14722.7,1064.5,15787.2,Liberal,Jean Chretien
May-00,24048.5,May-00,14736.4,1047.5,15783.9,Liberal,Jean Chretien
Jun-00,24076.3,Jun-00,14746.8,1061,15807.8,Liberal,Jean Chretien
Jul-00,24102.5,Jul-00,14750.4,1068,15818.4,Liberal,Jean Chretien
Aug-00,24134.6,Aug-00,14770.3,1113.1,15883.4,Liberal,Jean Chretien
Sep-00,24162.1,Sep-00,14812.2,1104.1,15916.3,Liberal,Jean Chretien
Oct-00,24189.6,Oct-00,14835.3,1120.4,15955.7,Liberal,Jean Chretien
Nov-00,24216.4,Nov-00,14871.4,1110.7,15982.1,Liberal,Jean Chretien
Dec-00,24241.9,Dec-00,14920,1083.2,16003.2,Liberal,Jean Chretien
Jan-01,24255.3,Jan-01,14894.4,1100.1,15994.5,Liberal,Jean Chretien
Feb-01,24280.4,Feb-01,14883.9,1120.5,16004.4,Liberal,Jean Chretien
Mar-01,24308.1,Mar-01,14888.7,1144.6,16033.3,Liberal,Jean Chretien
Apr-01,24344.9,Apr-01,14922.3,1144.7,16067,Liberal,Jean Chretien
May-01,24375.1,May-01,14946.2,1130.6,16076.8,Liberal,Jean Chretien
Jun-01,24406.3,Jun-01,14922.5,1162.6,16085.1,Liberal,Jean Chretien
Jul-01,24442.1,Jul-01,14946.3,1137.7,16084,Liberal,Jean Chretien
Aug-01,24470.7,Aug-01,14948.5,1163.9,16112.4,Liberal,Jean Chretien
Sep-01,24498.4,Sep-01,14972.8,1158.7,16131.5,Liberal,Jean Chretien
Oct-01,24525.1,Oct-01,14976.9,1182.9,16159.8,Liberal,Jean Chretien
Nov-01,24550.9,Nov-01,14990.3,1209.4,16199.7,Liberal,Jean Chretien
Dec-01,24575,Dec-01,14965.6,1310.4,16276,Liberal,Jean Chretien
Jan-02,24608.4,Jan-02,15018.4,1305.9,16324.3,Liberal,Jean Chretien
Feb-02,24634,Feb-02,15038.7,1299.6,16338.3,Liberal,Jean Chretien
Mar-02,24662.4,Mar-02,15114.2,1295.2,16409.4,Liberal,Jean Chretien
Apr-02,24699.4,Apr-02,15165.9,1265.5,16431.4,Liberal,Jean Chretien
May-02,24729.8,May-02,15221.8,1281.8,16503.6,Liberal,Jean Chretien
Jun-02,24761,Jun-02,15278.9,1262.6,16541.5,Liberal,Jean Chretien
Jul-02,24795.8,Jul-02,15327.9,1265.7,16593.6,Liberal,Jean Chretien
Aug-02,24818.6,Aug-02,15412.5,1233.8,16646.3,Liberal,Jean Chretien
Sep-02,24845.8,Sep-02,15415.9,1257.4,16673.3,Liberal,Jean Chretien
Oct-02,24868.1,Oct-02,15422.1,1263.8,16685.9,Liberal,Jean Chretien
Nov-02,24889.7,Nov-02,15474.6,1245.1,16719.7,Liberal,Jean Chretien
Dec-02,24909.8,Dec-02,15522.9,1265.5,16788.4,Liberal,Jean Chretien
Jan-03,24932.7,Jan-03,15542.7,1253.6,16796.3,Liberal,Jean Chretien
Feb-03,24953.8,Feb-03,15596,1263,16859,Liberal,Jean Chretien
Mar-03,24978.6,Mar-03,15598.9,1247.4,16846.3,Liberal,Jean Chretien
Apr-03,25009.7,Apr-03,15593,1284.3,16877.3,Liberal,Jean Chretien
May-03,25035.1,May-03,15576.3,1325.9,16902.2,Liberal,Jean Chretien
Jun-03,25068.7,Jun-03,15632.7,1283.2,16915.9,Liberal,Jean Chretien
Jul-03,25095.9,Jul-03,15650.3,1303.4,16953.7,Liberal,Jean Chretien
Aug-03,25121.7,Aug-03,15649.6,1326.2,16975.8,Liberal,Jean Chretien
Sep-03,25154,Sep-03,15681.3,1333.4,17014.7,Liberal,Jean Chretien
Oct-03,25179.6,Oct-03,15731,1287.8,17018.8,Liberal,Jean Chretien
Nov-03,25203.7,Nov-03,15781.3,1259.9,17041.2,Liberal,Jean Chretien
Dec-03,25225.6,Dec-03,15817,1251.6,17068.6,Liberal,Transfer
Jan-04,25250,Jan-04,15819,1253.5,17072.5,Liberal,Paul Martin
Feb-04,25276.5,Feb-04,15834.5,1249.5,17084,Liberal,Paul Martin
Mar-04,25302.8,Mar-04,15846.8,1249.9,17096.7,Liberal,Paul Martin
Apr-04,25330.1,Apr-04,15885.9,1231.9,17117.8,Liberal,Paul Martin
May-04,25358.7,May-04,15906.5,1210.7,17117.2,Liberal,Paul Martin
Jun-04,25395.6,Jun-04,15924.5,1237.9,17162.4,Liberal,Paul Martin
Jul-04,25425.1,Jul-04,15936.3,1209.4,17145.7,Liberal,Paul Martin
Aug-04,25459.9,Aug-04,15933.6,1200.5,17134.1,Liberal,Paul Martin
Sep-04,25487.3,Sep-04,15977,1192.9,17169.9,Liberal,Paul Martin
Oct-04,25513.4,Oct-04,15986.9,1215.7,17202.6,Liberal,Paul Martin
Nov-04,25537.2,Nov-04,16003.5,1241.1,17244.6,Liberal,Paul Martin
Dec-04,25560.2,Dec-04,16016.7,1229.9,17246.6,Liberal,Paul Martin
Jan-05,25585.5,Jan-05,16031.5,1200.4,17231.9,Liberal,Paul Martin
Feb-05,25613.5,Feb-05,16049.7,1210.6,17260.3,Liberal,Paul Martin
Mar-05,25640.9,Mar-05,16050.1,1184.6,17234.7,Liberal,Paul Martin
Apr-05,25668.9,Apr-05,16075.8,1162.4,17238.2,Liberal,Paul Martin
May-05,25706.5,May-05,16073.5,1203.8,17277.3,Liberal,Paul Martin
Jun-05,25738.6,Jun-05,16100.1,1172.7,17272.8,Liberal,Paul Martin
Jul-05,25771.7,Jul-05,16140.9,1156.6,17297.5,Liberal,Paul Martin
Aug-05,25810.4,Aug-05,16180.6,1161.1,17341.7,Liberal,Paul Martin
Sep-05,25839.5,Sep-05,16165.9,1162.9,17328.8,Liberal,Paul Martin
Oct-05,25867.3,Oct-05,16206.8,1165.3,17372.1,Liberal,Paul Martin
Nov-05,25894.4,Nov-05,16232.8,1101.3,17334.1,Liberal,Paul Martin
Dec-05,25918.9,Dec-05,16226.4,1144.4,17370.8,Liberal,Paul Martin
Jan-06,25953.3,Jan-06,16218.5,1148.3,17366.8,Liberal,Paul Martin
Feb-06,25979.3,Feb-06,16249.2,1113,17362.2,Transfer,Transfer
Mar-06,26007.2,Mar-06,16300.2,1109.8,17410,Conservative,Stephen Harper
Apr-06,26036.5,Apr-06,16333,1106.2,17439.2,Conservative,Stephen Harper
May-06,26074.7,May-06,16408.9,1067.9,17476.8,Conservative,Stephen Harper
Jun-06,26107.2,Jun-06,16398.1,1069.5,17467.6,Conservative,Stephen Harper
Jul-06,26139,Jul-06,16406.3,1117.3,17523.6,Conservative,Stephen Harper
Aug-06,26177.4,Aug-06,16405.8,1124.6,17530.4,Conservative,Stephen Harper
Sep-06,26206.2,Sep-06,16422.3,1125.2,17547.5,Conservative,Stephen Harper
Oct-06,26234.3,Oct-06,16441,1083.9,17524.9,Conservative,Stephen Harper
Nov-06,26261,Nov-06,16447.8,1117.8,17565.6,Conservative,Stephen Harper
Dec-06,26285.8,Dec-06,16513.8,1092.1,17605.9,Conservative,Stephen Harper
Jan-07,26314.7,Jan-07,16576.6,1117.7,17694.3,Conservative,Stephen Harper
Feb-07,26335.7,Feb-07,16588.7,1101.3,17690,Conservative,Stephen Harper
Mar-07,26359.9,Mar-07,16645.4,1095.7,17741.1,Conservative,Stephen Harper
Apr-07,26391.8,Apr-07,16611.2,1102.5,17713.7,Conservative,Stephen Harper
May-07,26419.3,May-07,16645.7,1069.9,17715.6,Conservative,Stephen Harper
Jun-07,26449.2,Jun-07,16689.7,1088.4,17778.1,Conservative,Stephen Harper
Jul-07,26487.2,Jul-07,16739.7,1070,17809.7,Conservative,Stephen Harper
Aug-07,26517.6,Aug-07,16759.9,1056.5,17816.4,Conservative,Stephen Harper
Sep-07,26547,Sep-07,16803.8,1046,17849.8,Conservative,Stephen Harper
Oct-07,26576.1,Oct-07,16855.8,1051,17906.8,Conservative,Stephen Harper
Nov-07,26603.6,Nov-07,16866.6,1093.8,17960.4,Conservative,Stephen Harper
Dec-07,26629.3,Dec-07,16859.2,1089.5,17948.7,Conservative,Stephen Harper
Jan-08,26659.4,Jan-08,16910.9,1067.6,17978.5,Conservative,Stephen Harper
Feb-08,26683.3,Feb-08,16940,1083.7,18023.7,Conservative,Stephen Harper
Mar-08,26710.8,Mar-08,16922.9,1110.2,18033.1,Conservative,Stephen Harper
Apr-08,26745.3,Apr-08,16939.7,1096.8,18036.5,Conservative,Stephen Harper
May-08,26775.8,May-08,16952.8,1100.7,18053.5,Conservative,Stephen Harper
Jun-08,26815.7,Jun-08,16939.6,1091,18030.6,Conservative,Stephen Harper
Jul-08,26849.7,Jul-08,16927.3,1104,18031.3,Conservative,Stephen Harper
Aug-08,26881.6,Aug-08,16958.5,1097.6,18056.1,Conservative,Stephen Harper
Sep-08,26918.8,Sep-08,17006.6,1113.6,18120.2,Conservative,Stephen Harper
Oct-08,26948.7,Oct-08,17049.2,1136.4,18185.6,Conservative,Stephen Harper
Nov-08,26977,Nov-08,16955.4,1193.4,18148.8,Conservative,Stephen Harper
Dec-08,27003.6,Dec-08,16925.9,1253.1,18179,Conservative,Stephen Harper
Jan-09,27030.3,Jan-09,16792.9,1348.3,18141.2,Conservative,Stephen Harper
Feb-09,27060.9,Feb-09,16735.8,1456.1,18191.9,Conservative,Stephen Harper
Mar-09,27090,Mar-09,16720.9,1488.6,18209.5,Conservative,Stephen Harper
Apr-09,27120.5,Apr-09,16666.8,1517.3,18184.1,Conservative,Stephen Harper
May-09,27152.4,May-09,16644.5,1577.9,18222.4,Conservative,Stephen Harper
Jun-09,27193.5,Jun-09,16634.8,1588.7,18223.5,Conservative,Stephen Harper
Jul-09,27226.7,Jul-09,16643,1587,18230,Conservative,Stephen Harper
Aug-09,27259.8,Aug-09,16638.6,1573.8,18212.4,Conservative,Stephen Harper
Sep-09,27297.8,Sep-09,16662.5,1532.8,18195.3,Conservative,Stephen Harper
Oct-09,27326.5,Oct-09,16665.1,1550.1,18215.2,Conservative,Stephen Harper
Nov-09,27353.1,Nov-09,16747.1,1562.8,18309.9,Conservative,Stephen Harper
Dec-09,27377.2,Dec-09,16732.2,1546.3,18278.5,Conservative,Stephen Harper
Jan-10,27403.2,Jan-10,16758.7,1523.1,18281.8,Conservative,Stephen Harper
Feb-10,27431.9,Feb-10,16779.8,1520,18299.8,Conservative,Stephen Harper
Mar-10,27460.8,Mar-10,16799.2,1517.1,18316.3,Conservative,Stephen Harper
Apr-10,27491.2,Apr-10,16872.6,1506,18378.6,Conservative,Stephen Harper
May-10,27522,May-10,16898,1493.3,18391.3,Conservative,Stephen Harper
Jun-10,27563.8,Jun-10,16956.7,1471.4,18428.1,Conservative,Stephen Harper
Jul-10,27597.6,Jul-10,16970.2,1482.9,18453.1,Conservative,Stephen Harper
Aug-10,27635.9,Aug-10,16984,1502,18486,Conservative,Stephen Harper
Sep-10,27664.3,Sep-10,16939,1510,18449,Conservative,Stephen Harper
Oct-10,27690.5,Oct-10,16965.2,1469.7,18434.9,Conservative,Stephen Harper
Nov-10,27715,Nov-10,16995.4,1419.3,18414.7,Conservative,Stephen Harper
Dec-10,27736.7,Dec-10,17040.5,1426.7,18467.2,Conservative,Stephen Harper
Jan-11,27758.6,Jan-11,17099.8,1444.5,18544.3,Conservative,Stephen Harper
Feb-11,27781.1,Feb-11,17100.2,1436.1,18536.3,Conservative,Stephen Harper
Mar-11,27804.1,Mar-11,17120.9,1424.1,18545,Conservative,Stephen Harper
Apr-11,27829.4,Apr-11,17150.7,1428.1,18578.8,Conservative,Stephen Harper
May-11,27861.9,May-11,17144.4,1408.6,18553,Conservative,Stephen Harper
Jun-11,27890.6,Jun-11,17178.2,1409.7,18587.9,Conservative,Stephen Harper
Jul-11,27917.9,Jul-11,17201.3,1363.5,18564.8,Conservative,Stephen Harper
Aug-11,27952,Aug-11,17225.8,1356.8,18582.6,Conservative,Stephen Harper
Sep-11,27978.2,Sep-11,17244,1377.2,18621.2,Conservative,Stephen Harper
Oct-11,28003.8,Oct-11,17212.2,1385.1,18597.3,Conservative,Stephen Harper
Nov-11,28027.9,Nov-11,17204.4,1413.4,18617.8,Conservative,Stephen Harper
Dec-11,28053.1,Dec-11,17219.4,1392.3,18611.7,Conservative,Stephen Harper
Jan-12,28077.5,Jan-12,17201.7,1435.9,18637.6,Conservative,Stephen Harper
Feb-12,28101.8,Feb-12,17197.7,1393.4,18591.1,Conservative,Stephen Harper
Mar-12,28126.4,Mar-12,17274.8,1356.7,18631.5,Conservative,Stephen Harper
Apr-12,28160.1,Apr-12,17370,1362.6,18732.6,Conservative,Stephen Harper
May-12,28188.4,May-12,17354.3,1391.8,18746.1,Conservative,Stephen Harper
Jun-12,28218.9,Jun-12,17374.7,1355.1,18729.8,Conservative,Stephen Harper
Jul-12,28253.8,Jul-12,17366.9,1364,18730.9,Conservative,Stephen Harper
Aug-12,28279.3,Aug-12,17404.8,1362.9,18767.7,Conservative,Stephen Harper
Sep-12,28304.1,Sep-12,17451.2,1367.3,18818.5,Conservative,Stephen Harper
Oct-12,28329.6,Oct-12,17446.6,1406.7,18853.3,Conservative,Stephen Harper
Nov-12,28353.9,Nov-12,17459.5,1388.3,18847.8,Conservative,Stephen Harper
Dec-12,28376.5,Dec-12,17489.5,1373.1,18862.6,Conservative,Stephen Harper
Jan-13,28399.7,Jan-13,17508,1340.9,18848.9,Conservative,Stephen Harper
Feb-13,28417.8,Feb-13,17553.8,1339,18892.8,Conservative,Stephen Harper
Mar-13,28442.2,Mar-13,17508.4,1380.5,18888.9,Conservative,Stephen Harper
Apr-13,28475,Apr-13,17533.5,1357.4,18890.9,Conservative,Stephen Harper
May-13,28504.1,May-13,17596.5,1333.2,18929.7,Conservative,Stephen Harper
Jun-13,28533.5,Jun-13,17589,1357.3,18946.3,Conservative,Stephen Harper
Jul-13,28566.9,Jul-13,17585.3,1351.4,18936.7,Conservative,Stephen Harper
Aug-13,28592.4,Aug-13,17614,1348.4,18962.4,Conservative,Stephen Harper
Sep-13,28622.4,Sep-13,17601.9,1343,18944.9,Conservative,Stephen Harper
Oct-13,28646.3,Oct-13,17607,1350.8,18957.8,Conservative,Stephen Harper
Nov-13,28668.7,Nov-13,17628,1328.6,18956.6,Conservative,Stephen Harper
Dec-13,28688.9,Dec-13,17614.4,1378.3,18992.7,Conservative,Stephen Harper
Jan-14,28708.4,Jan-14,17629,1343.8,18972.8,Conservative,Stephen Harper
Feb-14,28726.7,Feb-14,17637.4,1350.6,18988,Conservative,Stephen Harper
Mar-14,28750.6,Mar-14,17638.4,1330.8,18969.2,Conservative,Stephen Harper
Apr-14,28782.1,Apr-14,17629.1,1341.7,18970.8,Conservative,Stephen Harper
May-14,28808.4,May-14,17618,1336.3,18954.3,Conservative,Stephen Harper
Jun-14,28841.5,Jun-14,17634.1,1347.8,18981.9,Conservative,Stephen Harper
Jul-14,28866.2,Jul-14,17688.8,1349.5,19038.3,Conservative,Stephen Harper
Aug-14,28888.8,Aug-14,17663,1324.8,18987.8,Conservative,Stephen Harper
Sep-14,28912.9,Sep-14,17705.9,1308.8,19014.7,Conservative,Stephen Harper
Oct-14,28930.2,Oct-14,17736.7,1269.9,19006.6,Conservative,Stephen Harper
Nov-14,28947.1,Nov-14,17740.4,1274.4,19014.8,Conservative,Stephen Harper
Dec-14,28961.9,Dec-14,17713.9,1267.3,18981.2,Conservative,Stephen Harper
Jan-15,28972.2,Jan-15,17740,1267.2,19007.2,Conservative,Stephen Harper
Feb-15,28985,Feb-15,17755.5,1297.4,19052.9,Conservative,Stephen Harper
Mar-15,29000.2,Mar-15,17767.7,1310.8,19078.5,Conservative,Stephen Harper
Apr-15,29016.8,Apr-15,17750.3,1317.6,19067.9,Conservative,Stephen Harper
May-15,29035.8,May-15,17782,1315.5,19097.5,Conservative,Stephen Harper
Jun-15,29063.9,Jun-15,17786.2,1316.9,19103.1,Conservative,Stephen Harper
Jul-15,29085.3,Jul-15,17827.7,1316,19143.7,Conservative,Stephen Harper
Aug-15,29106.1,Aug-15,17846.2,1347,19193.2,Conservative,Stephen Harper
Sep-15,29133.1,Sep-15,17825.7,1358.2,19183.9,Conservative,Stephen Harper
Oct-15,29153.7,Oct-15,17843.7,1331.2,19174.9,Conservative,Stephen Harper
Nov-15,29172.7,Nov-15,17820.7,1363.9,19184.6,Transfer,Transfer
Dec-15,29192.2,Dec-15,17819.3,1379.1,19198.4,Liberal,Justin Trudeau
Jan-16,29216.6,Jan-16,17819.1,1387,19206.1,Liberal,Justin Trudeau
Feb-16,29247.9,Feb-16,17824.7,1404.6,19229.3,Liberal,Justin Trudeau
Mar-16,29273.8,Mar-16,17861.6,1366.1,19227.7,Liberal,Justin Trudeau
Apr-16,29301.4,Apr-16,17873.2,1382.5,19255.7,Liberal,Justin Trudeau
May-16,29337.4,May-16,17874.6,1350.9,19225.5,Liberal,Justin Trudeau
Jun-16,29371.2,Jun-16,17890.3,1320.1,19210.4,Liberal,Justin Trudeau
Jul-16,29403.6,Jul-16,17870.2,1347.8,19218,Liberal,Justin Trudeau
Aug-16,29442.2,Aug-16,17924.2,1342.1,19266.3,Liberal,Justin Trudeau
Sep-16,29471.1,Sep-16,17972,1357.5,19329.5,Liberal,Justin Trudeau
Oct-16,29497.7,Oct-16,18015.8,1348.6,19364.4,Liberal,Justin Trudeau
Nov-16,29522.6,Nov-16,18013.4,1341.7,19355.1,Liberal,Justin Trudeau
Dec-16,29546.7,Dec-16,18050.8,1357.2,19408,Liberal,Justin Trudeau
Jan-17,29579.6,Jan-17,18133.3,1317.2,19450.5,Liberal,Justin Trudeau
Feb-17,29605.3,Feb-17,18147,1291.6,19438.6,Liberal,Justin Trudeau
Mar-17,29635.8,Mar-17,18163.4,1307.9,19471.3,Liberal,Justin Trudeau
Apr-17,29667.1,Apr-17,18182.3,1265,19447.3,Liberal,Justin Trudeau
May-17,29706.9,May-17,18235.2,1292.2,19527.4,Liberal,Justin Trudeau
Jun-17,29740.8,Jun-17,18269.1,1262.1,19531.2,Liberal,Justin Trudeau
Jul-17,29778.3,Jul-17,18290.6,1237.8,19528.4,Liberal,Justin Trudeau
Aug-17,29824,Aug-17,18335.7,1204.9,19540.6,Liberal,Justin Trudeau
Sep-17,29859,Sep-17,18332.8,1215.5,19548.3,Liberal,Justin Trudeau
Oct-17,29892.9,Oct-17,18371.2,1231.8,19603,Liberal,Justin Trudeau
Nov-17,29925.3,Nov-17,18439.3,1184.2,19623.5,Liberal,Justin Trudeau
Dec-17,29956.7,Dec-17,18516.1,1156.9,19673,Liberal,Justin Trudeau
Jan-18,30001.3,Jan-18,18435.9,1168.6,19604.5,Liberal,Justin Trudeau
Feb-18,30032.2,Feb-18,18459,1163.2,19622.2,Liberal,Justin Trudeau
Mar-18,30069.2,Mar-18,18515.4,1155.9,19671.3,Liberal,Justin Trudeau
Apr-18,30117.6,Apr-18,18501.4,1170,19671.4,Liberal,Justin Trudeau
May-18,30156.6,May-18,18492.4,1182.1,19674.5,Liberal,Justin Trudeau
Jun-18,30197.4,Jun-18,18539.4,1203.1,19742.5,Liberal,Justin Trudeau
Jul-18,30249.6,Jul-18,18605.7,1155.5,19761.2,Liberal,Justin Trudeau
Aug-18,30289.2,Aug-18,18552.2,1178.6,19730.8,Liberal,Justin Trudeau
Sep-18,30328.1,Sep-18,18619.2,1166.9,19786.1,Liberal,Justin Trudeau
Oct-18,30366.6,Oct-18,18630.9,1158.2,19789.1,Liberal,Justin Trudeau
Nov-18,30402.5,Nov-18,18741.1,1142.1,19883.2,Liberal,Justin Trudeau
Dec-18,30437.2,Dec-18,18741,1146.2,19887.2,Liberal,Justin Trudeau
Jan-19,30479.8,Jan-19,18815.6,1180.9,19996.5,Liberal,Justin Trudeau
Feb-19,30507.8,Feb-19,18867.3,1177.2,20044.5,Liberal,Justin Trudeau
Mar-19,30542.6,Mar-19,18860.8,1169.2,20030,Liberal,Justin Trudeau
Apr-19,30589,Apr-19,18963.3,1166.9,20130.2,Liberal,Justin Trudeau
May-19,30630.4,May-19,18985.6,1093.6,20079.2,Liberal,Justin Trudeau
Jun-19,30674.7,Jun-19,18990,1127,20117,Liberal,Justin Trudeau
Jul-19,30727.5,Jul-19,18968.7,1165.3,20134,Liberal,Justin Trudeau
Aug-19,30763.6,Aug-19,19043.9,1176.6,20220.5,Liberal,Justin Trudeau
Sep-19,30808.9,Sep-19,19081.4,1124.4,20205.8,Liberal,Justin Trudeau
Oct-19,30842.3,Oct-19,19078.8,1138.4,20217.2,Liberal,Justin Trudeau
Nov-19,30872.5,Nov-19,19020.3,1195.3,20215.6,Liberal,Justin Trudeau
Dec-19,30897.9,Dec-19,19074.3,1148.7,20223,Liberal,Justin Trudeau
Jan-20,30924.2,Jan-20,19106.1,1136.8,20242.9,Liberal,Justin Trudeau
Feb-20,30949.3,Feb-20,19130.3,1145.7,20276,Liberal,Justin Trudeau
Mar-20,30978.8,Mar-20,18133.8,1553.8,19687.6,Liberal,Justin Trudeau
Apr-20,30994.3,Apr-20,16141.6,2443.9,18585.5,Liberal,Justin Trudeau
May-20,31009.1,May-20,16444,2609.8,19053.8,Liberal,Justin Trudeau
Jun-20,31037,Jun-20,17385.7,2474.4,19860.1,Liberal,Justin Trudeau
Jul-20,31061.6,Jul-20,17802.6,2182.8,19985.4,Liberal,Justin Trudeau
Aug-20,31084.7,Aug-20,18016.3,2054.8,20071.1,Liberal,Justin Trudeau
Sep-20,31114.6,Sep-20,18388.5,1858.2,20246.7,Liberal,Justin Trudeau
Oct-20,31138.8,Oct-20,18482.9,1833.2,20316.1,Liberal,Justin Trudeau
Nov-20,31161.3,Nov-20,18537.5,1742.5,20280,Liberal,Justin Trudeau
Dec-20,31177.5,Dec-20,18484.8,1773.9,20258.7,Liberal,Justin Trudeau
,,,,,,,